[{"name": "subject_id", "type": "INT64", "mode": "REQUIRED"}, {"name": "hadm_id", "type": "INT64", "mode": "REQUIRED"}, {"name": "stay_id", "type": "INT64", "mode": "REQUIRED"}, {"name": "charttime", "type": "DATETIME", "mode": "REQUIRED"}, {"name": "storetime", "type": "DATETIME", "mode": "NULLABLE"}, {"name": "itemid", "type": "INT64", "mode": "REQUIRED"}, {"name": "value", "type": "STRING", "mode": "NULLABLE"}, {"name": "valuenum", "type": "FLOAT64", "mode": "NULLABLE"}, {"name": "valueuom", "type": "STRING", "mode": "NULLABLE"}, {"name": "warning", "type": "INT64", "mode": "NULLABLE"}]