[{"name": "subject_id", "type": "INT64", "mode": "REQUIRED"}, {"name": "hadm_id", "type": "INT64", "mode": "REQUIRED"}, {"name": "stay_id", "type": "INT64", "mode": "REQUIRED"}, {"name": "starttime", "type": "DATETIME", "mode": "REQUIRED"}, {"name": "endtime", "type": "DATETIME", "mode": "REQUIRED"}, {"name": "storetime", "type": "DATETIME", "mode": "REQUIRED"}, {"name": "itemid", "type": "INT64", "mode": "REQUIRED"}, {"name": "value", "type": "FLOAT64", "mode": "NULLABLE"}, {"name": "valueuom", "type": "STRING", "mode": "NULLABLE"}, {"name": "location", "type": "STRING", "mode": "NULLABLE"}, {"name": "locationcategory", "type": "STRING", "mode": "NULLABLE"}, {"name": "orderid", "type": "INT64", "mode": "NULLABLE"}, {"name": "linkorderid", "type": "INT64", "mode": "NULLABLE"}, {"name": "ordercategoryname", "type": "STRING", "mode": "NULLABLE"}, {"name": "secondaryordercategoryname", "type": "STRING", "mode": "NULLABLE"}, {"name": "ordercategorydescription", "type": "STRING", "mode": "NULLABLE"}, {"name": "patientweight", "type": "FLOAT64", "mode": "NULLABLE"}, {"name": "totalamount", "type": "FLOAT64", "mode": "NULLABLE"}, {"name": "totalamountuom", "type": "STRING", "mode": "NULLABLE"}, {"name": "isopenbag", "type": "INT64", "mode": "NULLABLE"}, {"name": "continueinnextdept", "type": "INT64", "mode": "NULLABLE"}, {"name": "cancelreason", "type": "INT64", "mode": "NULLABLE"}, {"name": "statusdescription", "type": "STRING", "mode": "NULLABLE"}, {"name": "comments_date", "type": "DATETIME", "mode": "NULLABLE"}, {"name": "ORIGINALAMOUNT", "type": "FLOAT64", "mode": "NULLABLE"}, {"name": "ORIGINALRATE", "type": "FLOAT64", "mode": "NULLABLE"}]