[{"name": "subject_id", "type": "INT64", "mode": "REQUIRED"}, {"name": "stay_id", "type": "INT64", "mode": "REQUIRED"}, {"name": "charttime", "type": "DATETIME", "mode": "NULLABLE"}, {"name": "name", "type": "STRING", "mode": "NULLABLE"}, {"name": "gsn", "type": "STRING", "mode": "NULLABLE"}, {"name": "ndc", "type": "STRING", "mode": "NULLABLE"}, {"name": "etc_rn", "type": "INT64", "mode": "NULLABLE"}, {"name": "etccode", "type": "STRING", "mode": "NULLABLE"}, {"name": "etcdescription", "type": "STRING", "mode": "NULLABLE"}]