[{"name": "subject_id", "type": "INT64", "mode": "REQUIRED"}, {"name": "stay_id", "type": "INT64", "mode": "REQUIRED"}, {"name": "charttime", "type": "DATETIME", "mode": "NULLABLE"}, {"name": "hr", "type": "INT64", "mode": "NULLABLE"}, {"name": "resp", "type": "INT64", "mode": "NULLABLE"}, {"name": "spo2", "type": "INT64", "mode": "NULLABLE"}, {"name": "pulse", "type": "INT64", "mode": "NULLABLE"}, {"name": "nbp_d", "type": "INT64", "mode": "NULLABLE"}, {"name": "nbp_m", "type": "INT64", "mode": "NULLABLE"}, {"name": "nbp_s", "type": "INT64", "mode": "NULLABLE"}]