[{"name": "subject_id", "type": "INT64", "mode": "REQUIRED"}, {"name": "stay_id", "type": "INT64", "mode": "REQUIRED"}, {"name": "charttime", "type": "DATETIME", "mode": "NULLABLE"}, {"name": "temperature", "type": "NUMERIC", "mode": "NULLABLE"}, {"name": "heartrate", "type": "NUMERIC", "mode": "NULLABLE"}, {"name": "resprate", "type": "NUMERIC", "mode": "NULLABLE"}, {"name": "o2sat", "type": "NUMERIC", "mode": "NULLABLE"}, {"name": "sbp", "type": "INT64", "mode": "NULLABLE"}, {"name": "dbp", "type": "INT64", "mode": "NULLABLE"}, {"name": "rhythm", "type": "STRING", "mode": "NULLABLE"}, {"name": "pain", "type": "STRING", "mode": "NULLABLE"}]