[{"name": "microevent_id", "type": "INT64", "mode": "REQUIRED"}, {"name": "subject_id", "type": "INT64", "mode": "REQUIRED"}, {"name": "hadm_id", "type": "INT64", "mode": "NULLABLE"}, {"name": "micro_specimen_id", "type": "INT64", "mode": "REQUIRED"}, {"name": "chartdate", "type": "DATETIME", "mode": "REQUIRED"}, {"name": "charttime", "type": "DATETIME", "mode": "NULLABLE"}, {"name": "spec_itemid", "type": "INT64", "mode": "REQUIRED"}, {"name": "spec_type_desc", "type": "STRING", "mode": "REQUIRED"}, {"name": "test_seq", "type": "INT64", "mode": "REQUIRED"}, {"name": "storedate", "type": "DATETIME", "mode": "NULLABLE"}, {"name": "storetime", "type": "DATETIME", "mode": "NULLABLE"}, {"name": "test_itemid", "type": "INT64", "mode": "NULLABLE"}, {"name": "test_name", "type": "STRING", "mode": "NULLABLE"}, {"name": "org_itemid", "type": "INT64", "mode": "NULLABLE"}, {"name": "org_name", "type": "STRING", "mode": "NULLABLE"}, {"name": "isolate_num", "type": "INT64", "mode": "NULLABLE"}, {"name": "quantity", "type": "STRING", "mode": "NULLABLE"}, {"name": "ab_itemid", "type": "INT64", "mode": "NULLABLE"}, {"name": "ab_name", "type": "STRING", "mode": "NULLABLE"}, {"name": "dilution_text", "type": "STRING", "mode": "NULLABLE"}, {"name": "dilution_comparison", "type": "STRING", "mode": "NULLABLE"}, {"name": "dilution_value", "type": "FLOAT64", "mode": "NULLABLE"}, {"name": "interpretation", "type": "STRING", "mode": "NULLABLE"}, {"name": "comments", "type": "STRING", "mode": "NULLABLE"}]