[{"name": "subject_id", "type": "INT64", "mode": "REQUIRED"}, {"name": "hadm_id", "type": "INT64", "mode": "REQUIRED"}, {"name": "pharmacy_id", "type": "INT64", "mode": "REQUIRED"}, {"name": "poe_id", "type": "STRING", "mode": "NULLABLE"}, {"name": "starttime", "type": "DATETIME", "mode": "NULLABLE"}, {"name": "stoptime", "type": "DATETIME", "mode": "NULLABLE"}, {"name": "medication", "type": "STRING", "mode": "NULLABLE"}, {"name": "proc_type", "type": "STRING", "mode": "REQUIRED"}, {"name": "status", "type": "STRING", "mode": "NULLABLE"}, {"name": "entertime", "type": "DATETIME", "mode": "REQUIRED"}, {"name": "verifiedtime", "type": "DATETIME", "mode": "NULLABLE"}, {"name": "route", "type": "STRING", "mode": "NULLABLE"}, {"name": "frequency", "type": "STRING", "mode": "NULLABLE"}, {"name": "disp_sched", "type": "STRING", "mode": "NULLABLE"}, {"name": "infusion_type", "type": "STRING", "mode": "NULLABLE"}, {"name": "sliding_scale", "type": "STRING", "mode": "NULLABLE"}, {"name": "lockout_interval", "type": "STRING", "mode": "NULLABLE"}, {"name": "basal_rate", "type": "FLOAT64", "mode": "NULLABLE"}, {"name": "one_hr_max", "type": "STRING", "mode": "NULLABLE"}, {"name": "doses_per_24_hrs", "type": "FLOAT64", "mode": "NULLABLE"}, {"name": "duration", "type": "FLOAT64", "mode": "NULLABLE"}, {"name": "duration_interval", "type": "STRING", "mode": "NULLABLE"}, {"name": "expiration_value", "type": "INT64", "mode": "NULLABLE"}, {"name": "expiration_unit", "type": "STRING", "mode": "NULLABLE"}, {"name": "expirationdate", "type": "DATETIME", "mode": "NULLABLE"}, {"name": "dispensation", "type": "STRING", "mode": "NULLABLE"}, {"name": "fill_quantity", "type": "STRING", "mode": "NULLABLE"}]